id,url,title,image_url
promo-about-us,https://www.bondivet.com/promo/about-us,Read Bondi Vet Story | Learn More about Bondi Vets,https://marketplacer.imgix.net/Hj/rUN-0pOv0ZjCM9t27FG9BySTQ.jpg?auto=format&fm=pjpg&fit=max&q=90&w=1600&h=1000&s=ecb1d80f2cfd0b40d941107a4bf427ef
promo-when-to-see-a-vet,https://www.bondivet.com/promo/when-to-see-a-vet,Dr Kate Adams Blog - When do you need to see a vet urgently?,https://marketplacer.imgix.net/Hj/rUN-0pOv0ZjCM9t27FG9BySTQ.jpg?auto=format&fm=pjpg&fit=max&q=90&w=1600&h=1000&s=ecb1d80f2cfd0b40d941107a4bf427ef
promo-great-dane-breed-profile,https://www.bondivet.com/promo/great-dane-breed-profile,Great Dane - Breed Profile,https://marketplacer.imgix.net/Hj/rUN-0pOv0ZjCM9t27FG9BySTQ.jpg?auto=format&fm=pjpg&fit=max&q=90&w=1600&h=1000&s=ecb1d80f2cfd0b40d941107a4bf427ef
promo-boxer-breed-profile,https://www.bondivet.com/promo/boxer-breed-profile,Boxer - Breed Profile,https://marketplacer.imgix.net/Hj/rUN-0pOv0ZjCM9t27FG9BySTQ.jpg?auto=format&fm=pjpg&fit=max&q=90&w=1600&h=1000&s=ecb1d80f2cfd0b40d941107a4bf427ef
promo-dalmatian-breed-profile,https://www.bondivet.com/promo/dalmatian-breed-profile,Dalmatian - Breed Profile,https://marketplacer.imgix.net/Hj/rUN-0pOv0ZjCM9t27FG9BySTQ.jpg?auto=format&fm=pjpg&fit=max&q=90&w=1600&h=1000&s=ecb1d80f2cfd0b40d941107a4bf427ef
promo-german-shepherd-breed-profile,https://www.bondivet.com/promo/german-shepherd-breed-profile,German Shepherd - Breed Profile,https://marketplacer.imgix.net/Hj/rUN-0pOv0ZjCM9t27FG9BySTQ.jpg?auto=format&fm=pjpg&fit=max&q=90&w=1600&h=1000&s=ecb1d80f2cfd0b40d941107a4bf427ef
promo-rottweilers-breed-profile,https://www.bondivet.com/promo/rottweilers-breed-profile,Rottweilers - Breed Profile,https://marketplacer.imgix.net/Hj/rUN-0pOv0ZjCM9t27FG9BySTQ.jpg?auto=format&fm=pjpg&fit=max&q=90&w=1600&h=1000&s=ecb1d80f2cfd0b40d941107a4bf427ef
promo-labrador-retriever-profile,https://www.bondivet.com/promo/labrador-retriever-profile,Labrador Retriever - Breed Profile,https://marketplacer.imgix.net/Hj/rUN-0pOv0ZjCM9t27FG9BySTQ.jpg?auto=format&fm=pjpg&fit=max&q=90&w=1600&h=1000&s=ecb1d80f2cfd0b40d941107a4bf427ef
promo-golden-retriever-profile,https://www.bondivet.com/promo/golden-retriever-profile,Golden Retriever - Breed Profile,https://marketplacer.imgix.net/Hj/rUN-0pOv0ZjCM9t27FG9BySTQ.jpg?auto=format&fm=pjpg&fit=max&q=90&w=1600&h=1000&s=ecb1d80f2cfd0b40d941107a4bf427ef
promo-dog-urinary-tract-infection,https://www.bondivet.com/promo/dog-urinary-tract-infection,What to do if your dog suffers from urinary infection? | UTI in Dogs,https://marketplacer.imgix.net/Hj/rUN-0pOv0ZjCM9t27FG9BySTQ.jpg?auto=format&fm=pjpg&fit=max&q=90&w=1600&h=1000&s=ecb1d80f2cfd0b40d941107a4bf427ef
promo-choose-right-dog-bowl-new,https://www.bondivet.com/promo/choose-right-dog-bowl-new,How to Choose the Right Bowl for Your Dog,https://marketplacer.imgix.net/Hj/rUN-0pOv0ZjCM9t27FG9BySTQ.jpg?auto=format&fm=pjpg&fit=max&q=90&w=1600&h=1000&s=ecb1d80f2cfd0b40d941107a4bf427ef
promo-choose-right-leads-for-dogs-new,https://www.bondivet.com/promo/choose-right-leads-for-dogs-new,How To Choose The Right Lead For Your Dog,https://marketplacer.imgix.net/Hj/rUN-0pOv0ZjCM9t27FG9BySTQ.jpg?auto=format&fm=pjpg&fit=max&q=90&w=1600&h=1000&s=ecb1d80f2cfd0b40d941107a4bf427ef
promo-choose-right-dog-bed-new,https://www.bondivet.com/promo/choose-right-dog-bed-new,How to Choose a Dog Bed,https://marketplacer.imgix.net/Hj/rUN-0pOv0ZjCM9t27FG9BySTQ.jpg?auto=format&fm=pjpg&fit=max&q=90&w=1600&h=1000&s=ecb1d80f2cfd0b40d941107a4bf427ef
promo-dog-must-have-accessories-new,https://www.bondivet.com/promo/dog-must-have-accessories-new,Dog accessories you can't go without,https://marketplacer.imgix.net/Hj/rUN-0pOv0ZjCM9t27FG9BySTQ.jpg?auto=format&fm=pjpg&fit=max&q=90&w=1600&h=1000&s=ecb1d80f2cfd0b40d941107a4bf427ef
promo-bondi_vet_pet_services,https://www.bondivet.com/promo/bondi_vet_pet_services,Pet Services Recommended by Bondi Vet,https://marketplacer.imgix.net/Hj/rUN-0pOv0ZjCM9t27FG9BySTQ.jpg?auto=format&fm=pjpg&fit=max&q=90&w=1600&h=1000&s=ecb1d80f2cfd0b40d941107a4bf427ef
promo-pet-advice-bondi-vet,https://www.bondivet.com/promo/pet-advice-bondi-vet,"Bondi Vet Advice on pet health, training, grooming and lifestyle",https://marketplacer.imgix.net/Hj/rUN-0pOv0ZjCM9t27FG9BySTQ.jpg?auto=format&fm=pjpg&fit=max&q=90&w=1600&h=1000&s=ecb1d80f2cfd0b40d941107a4bf427ef
promo-read-dr-kate-blog,https://www.bondivet.com/promo/read-dr-kate-blog,Read Dr Kate Adam's Blog on Pet Health,https://marketplacer.imgix.net/Hj/rUN-0pOv0ZjCM9t27FG9BySTQ.jpg?auto=format&fm=pjpg&fit=max&q=90&w=1600&h=1000&s=ecb1d80f2cfd0b40d941107a4bf427ef
promo-bondi-vet-services,https://www.bondivet.com/promo/bondi-vet-services,Find Vet Help When You Need It on Bondi Vet,https://marketplacer.imgix.net/Hj/rUN-0pOv0ZjCM9t27FG9BySTQ.jpg?auto=format&fm=pjpg&fit=max&q=90&w=1600&h=1000&s=ecb1d80f2cfd0b40d941107a4bf427ef
promo-bondi-vet-team,https://www.bondivet.com/promo/bondi-vet-team,Meet Our Bondi Vet Team,https://marketplacer.imgix.net/Hj/rUN-0pOv0ZjCM9t27FG9BySTQ.jpg?auto=format&fm=pjpg&fit=max&q=90&w=1600&h=1000&s=ecb1d80f2cfd0b40d941107a4bf427ef
promo-entertainment-hub,https://www.bondivet.com/promo/entertainment-hub,Stay Connected with Bondi Vet Show on Entertainment Hub,https://marketplacer.imgix.net/Hj/rUN-0pOv0ZjCM9t27FG9BySTQ.jpg?auto=format&fm=pjpg&fit=max&q=90&w=1600&h=1000&s=ecb1d80f2cfd0b40d941107a4bf427ef
promo-bondi-vet-life,https://www.bondivet.com/promo/bondi-vet-life,Bondi Vet Life - Ultimate Membership Program for Pet Owners,https://marketplacer.imgix.net/Hj/rUN-0pOv0ZjCM9t27FG9BySTQ.jpg?auto=format&fm=pjpg&fit=max&q=90&w=1600&h=1000&s=ecb1d80f2cfd0b40d941107a4bf427ef
promo-bondi-vet-q-and-a,https://www.bondivet.com/promo/bondi-vet-q-and-a,Ask Bondi Vet a Question,https://marketplacer.imgix.net/Hj/rUN-0pOv0ZjCM9t27FG9BySTQ.jpg?auto=format&fm=pjpg&fit=max&q=90&w=1600&h=1000&s=ecb1d80f2cfd0b40d941107a4bf427ef
promo-emergency-vet,https://www.bondivet.com/promo/emergency-vet,Emergency Vet Services Hotline,https://marketplacer.imgix.net/Hj/rUN-0pOv0ZjCM9t27FG9BySTQ.jpg?auto=format&fm=pjpg&fit=max&q=90&w=1600&h=1000&s=ecb1d80f2cfd0b40d941107a4bf427ef
promo-book-online-vet,https://www.bondivet.com/promo/book-online-vet,Book Online Vet Consultation,https://marketplacer.imgix.net/Hj/rUN-0pOv0ZjCM9t27FG9BySTQ.jpg?auto=format&fm=pjpg&fit=max&q=90&w=1600&h=1000&s=ecb1d80f2cfd0b40d941107a4bf427ef
promo-subscribe-exclusive-content,https://www.bondivet.com/promo/subscribe-exclusive-content,Sign up here for exclusive content,https://marketplacer.imgix.net/Hj/rUN-0pOv0ZjCM9t27FG9BySTQ.jpg?auto=format&fm=pjpg&fit=max&q=90&w=1600&h=1000&s=ecb1d80f2cfd0b40d941107a4bf427ef
promo-subscribe-10-off,https://www.bondivet.com/promo/subscribe-10-off,Join now to receive $10 off your first order,https://marketplacer.imgix.net/Hj/rUN-0pOv0ZjCM9t27FG9BySTQ.jpg?auto=format&fm=pjpg&fit=max&q=90&w=1600&h=1000&s=ecb1d80f2cfd0b40d941107a4bf427ef
promo-exclusive-bondivet-content3,https://www.bondivet.com/promo/exclusive-bondivet-content3,Exclusive content from Bondi Vet Episode Three,https://marketplacer.imgix.net/Hj/rUN-0pOv0ZjCM9t27FG9BySTQ.jpg?auto=format&fm=pjpg&fit=max&q=90&w=1600&h=1000&s=ecb1d80f2cfd0b40d941107a4bf427ef
promo-2-exclusive-bondivet-content,https://www.bondivet.com/promo/2-exclusive-bondivet-content,Exclusive content from Bondi Vet Episode Two,https://marketplacer.imgix.net/Hj/rUN-0pOv0ZjCM9t27FG9BySTQ.jpg?auto=format&fm=pjpg&fit=max&q=90&w=1600&h=1000&s=ecb1d80f2cfd0b40d941107a4bf427ef
promo-exclusive-bondivet-content1,https://www.bondivet.com/promo/exclusive-bondivet-content1,Exclusive content from Bondi Vet episode one,https://marketplacer.imgix.net/Hj/rUN-0pOv0ZjCM9t27FG9BySTQ.jpg?auto=format&fm=pjpg&fit=max&q=90&w=1600&h=1000&s=ecb1d80f2cfd0b40d941107a4bf427ef
promo-subscribe-exclusive-bondivet-content,https://www.bondivet.com/promo/subscribe-exclusive-bondivet-content,Join now to receive exclusive content,https://marketplacer.imgix.net/Hj/rUN-0pOv0ZjCM9t27FG9BySTQ.jpg?auto=format&fm=pjpg&fit=max&q=90&w=1600&h=1000&s=ecb1d80f2cfd0b40d941107a4bf427ef
promo-budgetdirect,https://www.bondivet.com/promo/budgetdirect,Budget Direct page,https://marketplacer.imgix.net/Hj/rUN-0pOv0ZjCM9t27FG9BySTQ.jpg?auto=format&fm=pjpg&fit=max&q=90&w=1600&h=1000&s=ecb1d80f2cfd0b40d941107a4bf427ef
promo-website-terms-of-use,https://www.bondivet.com/promo/website-terms-of-use,*Website terms of use,https://marketplacer.imgix.net/Hj/rUN-0pOv0ZjCM9t27FG9BySTQ.jpg?auto=format&fm=pjpg&fit=max&q=90&w=1600&h=1000&s=ecb1d80f2cfd0b40d941107a4bf427ef
promo-house-visit-competition-terms-conditions,https://www.bondivet.com/promo/house-visit-competition-terms-conditions,Bondi Vet house visit competition T&Cs,https://marketplacer.imgix.net/Hj/rUN-0pOv0ZjCM9t27FG9BySTQ.jpg?auto=format&fm=pjpg&fit=max&q=90&w=1600&h=1000&s=ecb1d80f2cfd0b40d941107a4bf427ef
promo-medechat-terms-of-use,https://www.bondivet.com/promo/medechat-terms-of-use,*Vet consultation terms of use,https://marketplacer.imgix.net/Hj/rUN-0pOv0ZjCM9t27FG9BySTQ.jpg?auto=format&fm=pjpg&fit=max&q=90&w=1600&h=1000&s=ecb1d80f2cfd0b40d941107a4bf427ef
promo-exchange-and-refunds,https://www.bondivet.com/promo/exchange-and-refunds,Bondi Vet returns & refunds,https://marketplacer.imgix.net/Hj/rUN-0pOv0ZjCM9t27FG9BySTQ.jpg?auto=format&fm=pjpg&fit=max&q=90&w=1600&h=1000&s=ecb1d80f2cfd0b40d941107a4bf427ef
promo-house-call-comp,https://www.bondivet.com/promo/house-call-comp,House Call Competition on Bondi Vet,https://marketplacer.imgix.net/Hj/rUN-0pOv0ZjCM9t27FG9BySTQ.jpg?auto=format&fm=pjpg&fit=max&q=90&w=1600&h=1000&s=ecb1d80f2cfd0b40d941107a4bf427ef
promo-shop-nexgard-spectra-brand,https://www.bondivet.com/promo/shop-nexgard-spectra-brand,NexGard SPECTRA on Bondi Vet,https://marketplacer.imgix.net/Hj/rUN-0pOv0ZjCM9t27FG9BySTQ.jpg?auto=format&fm=pjpg&fit=max&q=90&w=1600&h=1000&s=ecb1d80f2cfd0b40d941107a4bf427ef
promo-shop-advocate-bondi-pet,https://www.bondivet.com/promo/shop-advocate-bondi-pet,Advocate brands on Bondi Vet,https://marketplacer.imgix.net/Hj/rUN-0pOv0ZjCM9t27FG9BySTQ.jpg?auto=format&fm=pjpg&fit=max&q=90&w=1600&h=1000&s=ecb1d80f2cfd0b40d941107a4bf427ef
promo-cookie-policy,https://www.bondivet.com/promo/cookie-policy,Cookies Policy,https://marketplacer.imgix.net/Hj/rUN-0pOv0ZjCM9t27FG9BySTQ.jpg?auto=format&fm=pjpg&fit=max&q=90&w=1600&h=1000&s=ecb1d80f2cfd0b40d941107a4bf427ef
promo-privacy-policy,https://www.bondivet.com/promo/privacy-policy,Privacy policy,https://marketplacer.imgix.net/Hj/rUN-0pOv0ZjCM9t27FG9BySTQ.jpg?auto=format&fm=pjpg&fit=max&q=90&w=1600&h=1000&s=ecb1d80f2cfd0b40d941107a4bf427ef
promo-specials-page-royal-canin,https://www.bondivet.com/promo/specials-page-royal-canin,Royal Canin pet food page,https://marketplacer.imgix.net/Hj/rUN-0pOv0ZjCM9t27FG9BySTQ.jpg?auto=format&fm=pjpg&fit=max&q=90&w=1600&h=1000&s=ecb1d80f2cfd0b40d941107a4bf427ef
promo-specials-page-hills,https://www.bondivet.com/promo/specials-page-hills,Hills pet food page,https://marketplacer.imgix.net/Hj/rUN-0pOv0ZjCM9t27FG9BySTQ.jpg?auto=format&fm=pjpg&fit=max&q=90&w=1600&h=1000&s=ecb1d80f2cfd0b40d941107a4bf427ef
promo-bondi-vet-gift-card-faqs,https://www.bondivet.com/promo/bondi-vet-gift-card-faqs,Gift card Frequently Asked Questions,https://marketplacer.imgix.net/Hj/rUN-0pOv0ZjCM9t27FG9BySTQ.jpg?auto=format&fm=pjpg&fit=max&q=90&w=1600&h=1000&s=ecb1d80f2cfd0b40d941107a4bf427ef
promo-sell-with-us,https://www.bondivet.com/promo/sell-with-us,Become a seller on Bondi Vet,https://marketplacer.imgix.net/Hj/rUN-0pOv0ZjCM9t27FG9BySTQ.jpg?auto=format&fm=pjpg&fit=max&q=90&w=1600&h=1000&s=ecb1d80f2cfd0b40d941107a4bf427ef
promo-terms-conditions,https://www.bondivet.com/promo/terms-conditions,Customer terms of use,https://marketplacer.imgix.net/Hj/rUN-0pOv0ZjCM9t27FG9BySTQ.jpg?auto=format&fm=pjpg&fit=max&q=90&w=1600&h=1000&s=ecb1d80f2cfd0b40d941107a4bf427ef
promo-bondi-vet-faq,https://www.bondivet.com/promo/bondi-vet-faq,Frequently asked questions,https://marketplacer.imgix.net/Hj/rUN-0pOv0ZjCM9t27FG9BySTQ.jpg?auto=format&fm=pjpg&fit=max&q=90&w=1600&h=1000&s=ecb1d80f2cfd0b40d941107a4bf427ef
promo-competition-terms-conditions,https://www.bondivet.com/promo/competition-terms-conditions,Bondi Vet competition T&Cs,https://marketplacer.imgix.net/Hj/rUN-0pOv0ZjCM9t27FG9BySTQ.jpg?auto=format&fm=pjpg&fit=max&q=90&w=1600&h=1000&s=ecb1d80f2cfd0b40d941107a4bf427ef
promo-intestinal-pain,https://www.bondivet.com/promo/intestinal-pain,Dr Kate on intestinal pain,https://marketplacer.imgix.net/Hj/rUN-0pOv0ZjCM9t27FG9BySTQ.jpg?auto=format&fm=pjpg&fit=max&q=90&w=1600&h=1000&s=ecb1d80f2cfd0b40d941107a4bf427ef
promo-cat-dental-health,https://www.bondivet.com/promo/cat-dental-health,Danni on cat teeth,https://marketplacer.imgix.net/Hj/rUN-0pOv0ZjCM9t27FG9BySTQ.jpg?auto=format&fm=pjpg&fit=max&q=90&w=1600&h=1000&s=ecb1d80f2cfd0b40d941107a4bf427ef
promo-bondi-vet-gift-store,https://www.bondivet.com/promo/bondi-vet-gift-store,Bondi Vet Gift Shop,https://marketplacer.imgix.net/Hj/rUN-0pOv0ZjCM9t27FG9BySTQ.jpg?auto=format&fm=pjpg&fit=max&q=90&w=1600&h=1000&s=ecb1d80f2cfd0b40d941107a4bf427ef
promo-pet-behaviour-blog,https://www.bondivet.com/promo/pet-behaviour-blog,Pet behaviour stories and tips from BONDI VET,https://marketplacer.imgix.net/Hj/rUN-0pOv0ZjCM9t27FG9BySTQ.jpg?auto=format&fm=pjpg&fit=max&q=90&w=1600&h=1000&s=ecb1d80f2cfd0b40d941107a4bf427ef
promo-managing-cats-weight,https://www.bondivet.com/promo/managing-cats-weight,How to manage your cat's weight?,https://marketplacer.imgix.net/Hj/rUN-0pOv0ZjCM9t27FG9BySTQ.jpg?auto=format&fm=pjpg&fit=max&q=90&w=1600&h=1000&s=ecb1d80f2cfd0b40d941107a4bf427ef
promo-new-pet-products,https://www.bondivet.com/promo/new-pet-products,Latest Pet Product Arrivals,https://marketplacer.imgix.net/Hj/rUN-0pOv0ZjCM9t27FG9BySTQ.jpg?auto=format&fm=pjpg&fit=max&q=90&w=1600&h=1000&s=ecb1d80f2cfd0b40d941107a4bf427ef
promo-cat-water-intake,https://www.bondivet.com/promo/cat-water-intake,How much water does your cat need?,https://marketplacer.imgix.net/Hj/rUN-0pOv0ZjCM9t27FG9BySTQ.jpg?auto=format&fm=pjpg&fit=max&q=90&w=1600&h=1000&s=ecb1d80f2cfd0b40d941107a4bf427ef
promo-special-offers,https://www.bondivet.com/promo/special-offers,Special Offers on Pet Products,https://marketplacer.imgix.net/Hj/rUN-0pOv0ZjCM9t27FG9BySTQ.jpg?auto=format&fm=pjpg&fit=max&q=90&w=1600&h=1000&s=ecb1d80f2cfd0b40d941107a4bf427ef
promo-key-ingredients-in-cat-food,https://www.bondivet.com/promo/key-ingredients-in-cat-food,The key ingredient in your cat's food,https://marketplacer.imgix.net/Hj/rUN-0pOv0ZjCM9t27FG9BySTQ.jpg?auto=format&fm=pjpg&fit=max&q=90&w=1600&h=1000&s=ecb1d80f2cfd0b40d941107a4bf427ef
promo-human-food-dangerous-for-cats,https://www.bondivet.com/promo/human-food-dangerous-for-cats,What food can make your cat sick?,https://marketplacer.imgix.net/Hj/rUN-0pOv0ZjCM9t27FG9BySTQ.jpg?auto=format&fm=pjpg&fit=max&q=90&w=1600&h=1000&s=ecb1d80f2cfd0b40d941107a4bf427ef
promo-cat-food-for-each-lifestage,https://www.bondivet.com/promo/cat-food-for-each-lifestage,Age appropriate cat food,https://marketplacer.imgix.net/Hj/rUN-0pOv0ZjCM9t27FG9BySTQ.jpg?auto=format&fm=pjpg&fit=max&q=90&w=1600&h=1000&s=ecb1d80f2cfd0b40d941107a4bf427ef
promo-bondi-vet-dog-health,https://www.bondivet.com/promo/bondi-vet-dog-health,**Dog health,https://marketplacer.imgix.net/Hj/rUN-0pOv0ZjCM9t27FG9BySTQ.jpg?auto=format&fm=pjpg&fit=max&q=90&w=1600&h=1000&s=ecb1d80f2cfd0b40d941107a4bf427ef
promo-frequently-asked-questions,https://www.bondivet.com/promo/frequently-asked-questions,MP_Frequently Asked Questions,https://marketplacer.imgix.net/Hj/rUN-0pOv0ZjCM9t27FG9BySTQ.jpg?auto=format&fm=pjpg&fit=max&q=90&w=1600&h=1000&s=ecb1d80f2cfd0b40d941107a4bf427ef
promo-bondi-pet-membership,https://www.bondivet.com/promo/bondi-pet-membership,MP_Bondi Pet Membership,https://marketplacer.imgix.net/Hj/rUN-0pOv0ZjCM9t27FG9BySTQ.jpg?auto=format&fm=pjpg&fit=max&q=90&w=1600&h=1000&s=ecb1d80f2cfd0b40d941107a4bf427ef
promo-pet-services,https://www.bondivet.com/promo/pet-services,MP_Pet Services,https://marketplacer.imgix.net/Hj/rUN-0pOv0ZjCM9t27FG9BySTQ.jpg?auto=format&fm=pjpg&fit=max&q=90&w=1600&h=1000&s=ecb1d80f2cfd0b40d941107a4bf427ef
promo-shipping-delivery,https://www.bondivet.com/promo/shipping-delivery,MP_Shipping & Delivery,https://marketplacer.imgix.net/Hj/rUN-0pOv0ZjCM9t27FG9BySTQ.jpg?auto=format&fm=pjpg&fit=max&q=90&w=1600&h=1000&s=ecb1d80f2cfd0b40d941107a4bf427ef
promo-pet-telehealth,https://www.bondivet.com/promo/pet-telehealth,MP_Pet Telehealth,https://marketplacer.imgix.net/Hj/rUN-0pOv0ZjCM9t27FG9BySTQ.jpg?auto=format&fm=pjpg&fit=max&q=90&w=1600&h=1000&s=ecb1d80f2cfd0b40d941107a4bf427ef
promo-choose-right-cat-food,https://www.bondivet.com/promo/choose-right-cat-food,How to choose the right food for your cat,https://marketplacer.imgix.net/Hj/rUN-0pOv0ZjCM9t27FG9BySTQ.jpg?auto=format&fm=pjpg&fit=max&q=90&w=1600&h=1000&s=ecb1d80f2cfd0b40d941107a4bf427ef
promo-puppy-care-blog,https://www.bondivet.com/promo/puppy-care-blog,Complete Guide to Puppy Care from Bondi Vet Team,https://marketplacer.imgix.net/Hj/rUN-0pOv0ZjCM9t27FG9BySTQ.jpg?auto=format&fm=pjpg&fit=max&q=90&w=1600&h=1000&s=ecb1d80f2cfd0b40d941107a4bf427ef
promo-cat-nutrition-blog,https://www.bondivet.com/promo/cat-nutrition-blog,Your complete guide to cat nutrition,https://marketplacer.imgix.net/Hj/rUN-0pOv0ZjCM9t27FG9BySTQ.jpg?auto=format&fm=pjpg&fit=max&q=90&w=1600&h=1000&s=ecb1d80f2cfd0b40d941107a4bf427ef
promo-kitten-care-blog,https://www.bondivet.com/promo/kitten-care-blog,Complete Guide on Kitten Care from Bondi Vet Team,https://marketplacer.imgix.net/Hj/rUN-0pOv0ZjCM9t27FG9BySTQ.jpg?auto=format&fm=pjpg&fit=max&q=90&w=1600&h=1000&s=ecb1d80f2cfd0b40d941107a4bf427ef
promo-cat-wellbeing-blog,https://www.bondivet.com/promo/cat-wellbeing-blog,Cat Health Stories and Advice from Bondi Vets,https://marketplacer.imgix.net/Hj/rUN-0pOv0ZjCM9t27FG9BySTQ.jpg?auto=format&fm=pjpg&fit=max&q=90&w=1600&h=1000&s=ecb1d80f2cfd0b40d941107a4bf427ef
promo-dog-wellbeing-blog,https://www.bondivet.com/promo/dog-wellbeing-blog,Dog Health Stories and Advice from Bondi Vets,https://marketplacer.imgix.net/Hj/rUN-0pOv0ZjCM9t27FG9BySTQ.jpg?auto=format&fm=pjpg&fit=max&q=90&w=1600&h=1000&s=ecb1d80f2cfd0b40d941107a4bf427ef
promo-dog-nutrition-blog,https://www.bondivet.com/promo/dog-nutrition-blog,Your Complete Guide to Dog Nutrition,https://marketplacer.imgix.net/Hj/rUN-0pOv0ZjCM9t27FG9BySTQ.jpg?auto=format&fm=pjpg&fit=max&q=90&w=1600&h=1000&s=ecb1d80f2cfd0b40d941107a4bf427ef
promo-human-foods-not-for-dogs,https://www.bondivet.com/promo/human-foods-not-for-dogs,10 human foods you should never feed to your pet,https://marketplacer.imgix.net/Hj/rUN-0pOv0ZjCM9t27FG9BySTQ.jpg?auto=format&fm=pjpg&fit=max&q=90&w=1600&h=1000&s=ecb1d80f2cfd0b40d941107a4bf427ef
promo-dog-fussy-eater,https://www.bondivet.com/promo/dog-fussy-eater,How to Encourage a Fussy Dog to Eat,https://marketplacer.imgix.net/Hj/rUN-0pOv0ZjCM9t27FG9BySTQ.jpg?auto=format&fm=pjpg&fit=max&q=90&w=1600&h=1000&s=ecb1d80f2cfd0b40d941107a4bf427ef
promo-puppy-food-tips,https://www.bondivet.com/promo/puppy-food-tips,Puppy nutrition basics,https://marketplacer.imgix.net/Hj/rUN-0pOv0ZjCM9t27FG9BySTQ.jpg?auto=format&fm=pjpg&fit=max&q=90&w=1600&h=1000&s=ecb1d80f2cfd0b40d941107a4bf427ef
promo-oil-supplements,https://www.bondivet.com/promo/oil-supplements,4 oils that are ok for dogs,https://marketplacer.imgix.net/Hj/rUN-0pOv0ZjCM9t27FG9BySTQ.jpg?auto=format&fm=pjpg&fit=max&q=90&w=1600&h=1000&s=ecb1d80f2cfd0b40d941107a4bf427ef
promo-dog-food-dry-or-raw,https://www.bondivet.com/promo/dog-food-dry-or-raw,"What dog food is best for your dog | Kibble, Fresh or Raw?",https://marketplacer.imgix.net/Hj/rUN-0pOv0ZjCM9t27FG9BySTQ.jpg?auto=format&fm=pjpg&fit=max&q=90&w=1600&h=1000&s=ecb1d80f2cfd0b40d941107a4bf427ef
promo-dog-must-have-accessories,https://www.bondivet.com/promo/dog-must-have-accessories,Dog accessories you can't go without,https://marketplacer.imgix.net/Hj/rUN-0pOv0ZjCM9t27FG9BySTQ.jpg?auto=format&fm=pjpg&fit=max&q=90&w=1600&h=1000&s=ecb1d80f2cfd0b40d941107a4bf427ef
promo-dog-arthritis-treatment,https://www.bondivet.com/promo/dog-arthritis-treatment,How to help a dog with arthritis,https://marketplacer.imgix.net/Hj/rUN-0pOv0ZjCM9t27FG9BySTQ.jpg?auto=format&fm=pjpg&fit=max&q=90&w=1600&h=1000&s=ecb1d80f2cfd0b40d941107a4bf427ef
promo-dr-kate-loves-pet-insurance,https://www.bondivet.com/promo/dr-kate-loves-pet-insurance,Dr Kate Adams Blog on pet insurance,https://marketplacer.imgix.net/Hj/rUN-0pOv0ZjCM9t27FG9BySTQ.jpg?auto=format&fm=pjpg&fit=max&q=90&w=1600&h=1000&s=ecb1d80f2cfd0b40d941107a4bf427ef
promo-grieving-pet-loss,https://www.bondivet.com/promo/grieving-pet-loss,Dr Kate Adam's on grieving a loss of pet,https://marketplacer.imgix.net/Hj/rUN-0pOv0ZjCM9t27FG9BySTQ.jpg?auto=format&fm=pjpg&fit=max&q=90&w=1600&h=1000&s=ecb1d80f2cfd0b40d941107a4bf427ef
promo-dr-kate-loves-routine-scans,https://www.bondivet.com/promo/dr-kate-loves-routine-scans,Dr Kate Adams Blog on importance of routine scans,https://marketplacer.imgix.net/Hj/rUN-0pOv0ZjCM9t27FG9BySTQ.jpg?auto=format&fm=pjpg&fit=max&q=90&w=1600&h=1000&s=ecb1d80f2cfd0b40d941107a4bf427ef
promo-beagle-breed-profile,https://www.bondivet.com/promo/beagle-breed-profile,Beagle - Breed Profile,https://marketplacer.imgix.net/Hj/rUN-0pOv0ZjCM9t27FG9BySTQ.jpg?auto=format&fm=pjpg&fit=max&q=90&w=1600&h=1000&s=ecb1d80f2cfd0b40d941107a4bf427ef
promo-kelpie-breed-profile,https://www.bondivet.com/promo/kelpie-breed-profile,Australian Working Kelpie - Breed Profile,https://marketplacer.imgix.net/Hj/rUN-0pOv0ZjCM9t27FG9BySTQ.jpg?auto=format&fm=pjpg&fit=max&q=90&w=1600&h=1000&s=ecb1d80f2cfd0b40d941107a4bf427ef
promo-staffy-breed-profile,https://www.bondivet.com/promo/staffy-breed-profile,Staffordshire Bull Terrier - Breed Profile,https://marketplacer.imgix.net/Hj/rUN-0pOv0ZjCM9t27FG9BySTQ.jpg?auto=format&fm=pjpg&fit=max&q=90&w=1600&h=1000&s=ecb1d80f2cfd0b40d941107a4bf427ef
promo-english-bulldog-breed-profile,https://www.bondivet.com/promo/english-bulldog-breed-profile,English Bulldog - Breed Profile,https://marketplacer.imgix.net/Hj/rUN-0pOv0ZjCM9t27FG9BySTQ.jpg?auto=format&fm=pjpg&fit=max&q=90&w=1600&h=1000&s=ecb1d80f2cfd0b40d941107a4bf427ef
promo-samoyed-breed-profile,https://www.bondivet.com/promo/samoyed-breed-profile,Samoyed - Breed Profile,https://marketplacer.imgix.net/Hj/rUN-0pOv0ZjCM9t27FG9BySTQ.jpg?auto=format&fm=pjpg&fit=max&q=90&w=1600&h=1000&s=ecb1d80f2cfd0b40d941107a4bf427ef
promo-shar-pei-breed-profile,https://www.bondivet.com/promo/shar-pei-breed-profile,Shar Pei - Breed Profile,https://marketplacer.imgix.net/Hj/rUN-0pOv0ZjCM9t27FG9BySTQ.jpg?auto=format&fm=pjpg&fit=max&q=90&w=1600&h=1000&s=ecb1d80f2cfd0b40d941107a4bf427ef
promo-whippet-breed-profile,https://www.bondivet.com/promo/whippet-breed-profile,Whippet - Breed Profile,https://marketplacer.imgix.net/Hj/rUN-0pOv0ZjCM9t27FG9BySTQ.jpg?auto=format&fm=pjpg&fit=max&q=90&w=1600&h=1000&s=ecb1d80f2cfd0b40d941107a4bf427ef
promo-norwich-terrier-breed-profile,https://www.bondivet.com/promo/norwich-terrier-breed-profile,Norwich Terrier - Breed Profile,https://marketplacer.imgix.net/Hj/rUN-0pOv0ZjCM9t27FG9BySTQ.jpg?auto=format&fm=pjpg&fit=max&q=90&w=1600&h=1000&s=ecb1d80f2cfd0b40d941107a4bf427ef
promo-jack-russell-breed-profile,https://www.bondivet.com/promo/jack-russell-breed-profile,Jack Russell Terrier - Breed Profile,https://marketplacer.imgix.net/Hj/rUN-0pOv0ZjCM9t27FG9BySTQ.jpg?auto=format&fm=pjpg&fit=max&q=90&w=1600&h=1000&s=ecb1d80f2cfd0b40d941107a4bf427ef
promo-boston-terrier-breed-profile,https://www.bondivet.com/promo/boston-terrier-breed-profile,Boston Terrier - Breed Profile,https://marketplacer.imgix.net/Hj/rUN-0pOv0ZjCM9t27FG9BySTQ.jpg?auto=format&fm=pjpg&fit=max&q=90&w=1600&h=1000&s=ecb1d80f2cfd0b40d941107a4bf427ef
promo-dachshund-breed-profile,https://www.bondivet.com/promo/dachshund-breed-profile,Dachshund - Breed Profile,https://marketplacer.imgix.net/Hj/rUN-0pOv0ZjCM9t27FG9BySTQ.jpg?auto=format&fm=pjpg&fit=max&q=90&w=1600&h=1000&s=ecb1d80f2cfd0b40d941107a4bf427ef
promo-cavoodle-breed-profile,https://www.bondivet.com/promo/cavoodle-breed-profile,Cavoodle - Breed Profile,https://marketplacer.imgix.net/Hj/rUN-0pOv0ZjCM9t27FG9BySTQ.jpg?auto=format&fm=pjpg&fit=max&q=90&w=1600&h=1000&s=ecb1d80f2cfd0b40d941107a4bf427ef
promo-cairn-terrier-breed-profile,https://www.bondivet.com/promo/cairn-terrier-breed-profile,Cairn Terrier - Breed Profile,https://marketplacer.imgix.net/Hj/rUN-0pOv0ZjCM9t27FG9BySTQ.jpg?auto=format&fm=pjpg&fit=max&q=90&w=1600&h=1000&s=ecb1d80f2cfd0b40d941107a4bf427ef
promo-cavalier-spaniel-breed-profile,https://www.bondivet.com/promo/cavalier-spaniel-breed-profile,Cavalier King Charles Spaniel - Breed Profile,https://marketplacer.imgix.net/Hj/rUN-0pOv0ZjCM9t27FG9BySTQ.jpg?auto=format&fm=pjpg&fit=max&q=90&w=1600&h=1000&s=ecb1d80f2cfd0b40d941107a4bf427ef
promo-bichon-frise-breed-profile,https://www.bondivet.com/promo/bichon-frise-breed-profile,Bichon Frise - Breed Profile,https://marketplacer.imgix.net/Hj/rUN-0pOv0ZjCM9t27FG9BySTQ.jpg?auto=format&fm=pjpg&fit=max&q=90&w=1600&h=1000&s=ecb1d80f2cfd0b40d941107a4bf427ef
promo-dr-kate-loves-hero-pets,https://www.bondivet.com/promo/dr-kate-loves-hero-pets,Dr Kate Adams blog on hero pets,https://marketplacer.imgix.net/Hj/rUN-0pOv0ZjCM9t27FG9BySTQ.jpg?auto=format&fm=pjpg&fit=max&q=90&w=1600&h=1000&s=ecb1d80f2cfd0b40d941107a4bf427ef
promo-chihuahua-breed-profile,https://www.bondivet.com/promo/chihuahua-breed-profile,Chihuahua - Breed Profile,https://marketplacer.imgix.net/Hj/rUN-0pOv0ZjCM9t27FG9BySTQ.jpg?auto=format&fm=pjpg&fit=max&q=90&w=1600&h=1000&s=ecb1d80f2cfd0b40d941107a4bf427ef
promo-how-to-give-cat-pills,https://www.bondivet.com/promo/how-to-give-cat-pills,How to give cats pills and tablets,https://marketplacer.imgix.net/Hj/rUN-0pOv0ZjCM9t27FG9BySTQ.jpg?auto=format&fm=pjpg&fit=max&q=90&w=1600&h=1000&s=ecb1d80f2cfd0b40d941107a4bf427ef
promo-cat-arthritis-joint,https://www.bondivet.com/promo/cat-arthritis-joint,Identifying cat arthritis: what causes it and what are the symptoms,https://marketplacer.imgix.net/Hj/rUN-0pOv0ZjCM9t27FG9BySTQ.jpg?auto=format&fm=pjpg&fit=max&q=90&w=1600&h=1000&s=ecb1d80f2cfd0b40d941107a4bf427ef
promo-cat-teeth-cleaning,https://www.bondivet.com/promo/cat-teeth-cleaning,Cat dental disease symptoms and prevention tips,https://marketplacer.imgix.net/Hj/rUN-0pOv0ZjCM9t27FG9BySTQ.jpg?auto=format&fm=pjpg&fit=max&q=90&w=1600&h=1000&s=ecb1d80f2cfd0b40d941107a4bf427ef
promo-cat-flea-symptoms-treatment,https://www.bondivet.com/promo/cat-flea-symptoms-treatment,How to protect your cat and home from fleas,https://marketplacer.imgix.net/Hj/rUN-0pOv0ZjCM9t27FG9BySTQ.jpg?auto=format&fm=pjpg&fit=max&q=90&w=1600&h=1000&s=ecb1d80f2cfd0b40d941107a4bf427ef
promo-cat-bladder-infection,https://www.bondivet.com/promo/cat-bladder-infection,How to identify and prevent cat urinary tract infections,https://marketplacer.imgix.net/Hj/rUN-0pOv0ZjCM9t27FG9BySTQ.jpg?auto=format&fm=pjpg&fit=max&q=90&w=1600&h=1000&s=ecb1d80f2cfd0b40d941107a4bf427ef
promo-overweight-cat,https://www.bondivet.com/promo/overweight-cat,What to do if your cat is overweight,https://marketplacer.imgix.net/Hj/rUN-0pOv0ZjCM9t27FG9BySTQ.jpg?auto=format&fm=pjpg&fit=max&q=90&w=1600&h=1000&s=ecb1d80f2cfd0b40d941107a4bf427ef
promo-dog-tick-symptoms,https://www.bondivet.com/promo/dog-tick-symptoms,How to tell if your dog has ticks & how to prevent it,https://marketplacer.imgix.net/Hj/rUN-0pOv0ZjCM9t27FG9BySTQ.jpg?auto=format&fm=pjpg&fit=max&q=90&w=1600&h=1000&s=ecb1d80f2cfd0b40d941107a4bf427ef
promo-dog-ear-infection,https://www.bondivet.com/promo/dog-ear-infection,"Dog ear infections: symptoms, causes and treatment",https://marketplacer.imgix.net/Hj/rUN-0pOv0ZjCM9t27FG9BySTQ.jpg?auto=format&fm=pjpg&fit=max&q=90&w=1600&h=1000&s=ecb1d80f2cfd0b40d941107a4bf427ef
promo-choose-right-dog-bowl,https://www.bondivet.com/promo/choose-right-dog-bowl,How to Choose the Right Bowl for Your Dog,https://marketplacer.imgix.net/Hj/rUN-0pOv0ZjCM9t27FG9BySTQ.jpg?auto=format&fm=pjpg&fit=max&q=90&w=1600&h=1000&s=ecb1d80f2cfd0b40d941107a4bf427ef
promo-dog-vitamins-and-supplements,https://www.bondivet.com/promo/dog-vitamins-and-supplements,7 Questions on Dog Supplements Our Vets Get Asked the Most,https://marketplacer.imgix.net/Hj/rUN-0pOv0ZjCM9t27FG9BySTQ.jpg?auto=format&fm=pjpg&fit=max&q=90&w=1600&h=1000&s=ecb1d80f2cfd0b40d941107a4bf427ef
promo-choose-right-leads-for-dogs,https://www.bondivet.com/promo/choose-right-leads-for-dogs,How To Choose The Right Lead For Your Dog,https://marketplacer.imgix.net/Hj/rUN-0pOv0ZjCM9t27FG9BySTQ.jpg?auto=format&fm=pjpg&fit=max&q=90&w=1600&h=1000&s=ecb1d80f2cfd0b40d941107a4bf427ef
promo-personalised_diet_for_dogs,https://www.bondivet.com/promo/personalised_diet_for_dogs,Personalised Dog Food | Personalised Dog Food Subscription Delivery,https://marketplacer.imgix.net/Hj/rUN-0pOv0ZjCM9t27FG9BySTQ.jpg?auto=format&fm=pjpg&fit=max&q=90&w=1600&h=1000&s=ecb1d80f2cfd0b40d941107a4bf427ef
promo-pets-afraid-of-storms,https://www.bondivet.com/promo/pets-afraid-of-storms,Why Are Cats & Dogs Afraid of Storms & How to Help Them,https://marketplacer.imgix.net/Hj/rUN-0pOv0ZjCM9t27FG9BySTQ.jpg?auto=format&fm=pjpg&fit=max&q=90&w=1600&h=1000&s=ecb1d80f2cfd0b40d941107a4bf427ef
promo-dog-skin-conditions,https://www.bondivet.com/promo/dog-skin-conditions,What are Some Common Dog Skin Conditions,https://marketplacer.imgix.net/Hj/rUN-0pOv0ZjCM9t27FG9BySTQ.jpg?auto=format&fm=pjpg&fit=max&q=90&w=1600&h=1000&s=ecb1d80f2cfd0b40d941107a4bf427ef
promo-dogs-hot-car-warning,https://www.bondivet.com/promo/dogs-hot-car-warning,Why You Should Never Leave Your Dog in a Car on a Hot Day,https://marketplacer.imgix.net/Hj/rUN-0pOv0ZjCM9t27FG9BySTQ.jpg?auto=format&fm=pjpg&fit=max&q=90&w=1600&h=1000&s=ecb1d80f2cfd0b40d941107a4bf427ef
promo-objects-swallowed-by-pets,https://www.bondivet.com/promo/objects-swallowed-by-pets,Household Object Most Often Swallowed by Pets,https://marketplacer.imgix.net/Hj/rUN-0pOv0ZjCM9t27FG9BySTQ.jpg?auto=format&fm=pjpg&fit=max&q=90&w=1600&h=1000&s=ecb1d80f2cfd0b40d941107a4bf427ef
promo-dog-eating-poo,https://www.bondivet.com/promo/dog-eating-poo,Why Dogs Eat Their Own Poo & How to Teach Them to Stop,https://marketplacer.imgix.net/Hj/rUN-0pOv0ZjCM9t27FG9BySTQ.jpg?auto=format&fm=pjpg&fit=max&q=90&w=1600&h=1000&s=ecb1d80f2cfd0b40d941107a4bf427ef
promo-overweight-dog,https://www.bondivet.com/promo/overweight-dog,How to Tell Your Dog is Overweight & What to Do About It,https://marketplacer.imgix.net/Hj/rUN-0pOv0ZjCM9t27FG9BySTQ.jpg?auto=format&fm=pjpg&fit=max&q=90&w=1600&h=1000&s=ecb1d80f2cfd0b40d941107a4bf427ef
promo-cat-bath-tips,https://www.bondivet.com/promo/cat-bath-tips,How to Bath a Cat | Cat Bath Tips,https://marketplacer.imgix.net/Hj/rUN-0pOv0ZjCM9t27FG9BySTQ.jpg?auto=format&fm=pjpg&fit=max&q=90&w=1600&h=1000&s=ecb1d80f2cfd0b40d941107a4bf427ef
promo-dog-flea-symptoms-treatment,https://www.bondivet.com/promo/dog-flea-symptoms-treatment,How to Protect Your Dog from Fleas,https://marketplacer.imgix.net/Hj/rUN-0pOv0ZjCM9t27FG9BySTQ.jpg?auto=format&fm=pjpg&fit=max&q=90&w=1600&h=1000&s=ecb1d80f2cfd0b40d941107a4bf427ef
promo-cat-furball-prevention,https://www.bondivet.com/promo/cat-furball-prevention,How to Prevent Hairballs in Cats | Preventing Cat Furballs,https://marketplacer.imgix.net/Hj/rUN-0pOv0ZjCM9t27FG9BySTQ.jpg?auto=format&fm=pjpg&fit=max&q=90&w=1600&h=1000&s=ecb1d80f2cfd0b40d941107a4bf427ef
promo-scared-rescue-dog,https://www.bondivet.com/promo/scared-rescue-dog,How to Help a Scared Dog | Help Rescue Dog to Not Be Scared,https://marketplacer.imgix.net/Hj/rUN-0pOv0ZjCM9t27FG9BySTQ.jpg?auto=format&fm=pjpg&fit=max&q=90&w=1600&h=1000&s=ecb1d80f2cfd0b40d941107a4bf427ef
promo-aussie-brands-bondi-pet,https://www.bondivet.com/promo/aussie-brands-bondi-pet,Australian Pet Brands | Aussie Pet Brands to Support,https://marketplacer.imgix.net/Hj/rUN-0pOv0ZjCM9t27FG9BySTQ.jpg?auto=format&fm=pjpg&fit=max&q=90&w=1600&h=1000&s=ecb1d80f2cfd0b40d941107a4bf427ef
promo-anxious-dog,https://www.bondivet.com/promo/anxious-dog,Top Tips on managing dog anxiety,https://marketplacer.imgix.net/Hj/rUN-0pOv0ZjCM9t27FG9BySTQ.jpg?auto=format&fm=pjpg&fit=max&q=90&w=1600&h=1000&s=ecb1d80f2cfd0b40d941107a4bf427ef
promo-naughty-puppy,https://www.bondivet.com/promo/naughty-puppy,My puppy is out of control | Tips from Bondi Vet,https://marketplacer.imgix.net/Hj/rUN-0pOv0ZjCM9t27FG9BySTQ.jpg?auto=format&fm=pjpg&fit=max&q=90&w=1600&h=1000&s=ecb1d80f2cfd0b40d941107a4bf427ef
promo-dog-dental-tips,https://www.bondivet.com/promo/dog-dental-tips,Dog dental tips from Dr Kate,https://marketplacer.imgix.net/Hj/rUN-0pOv0ZjCM9t27FG9BySTQ.jpg?auto=format&fm=pjpg&fit=max&q=90&w=1600&h=1000&s=ecb1d80f2cfd0b40d941107a4bf427ef
promo-barking-dog-video,https://www.bondivet.com/promo/barking-dog-video,What causes excessive dog barking?,https://marketplacer.imgix.net/Hj/rUN-0pOv0ZjCM9t27FG9BySTQ.jpg?auto=format&fm=pjpg&fit=max&q=90&w=1600&h=1000&s=ecb1d80f2cfd0b40d941107a4bf427ef
promo-aggressive-dog-video,https://www.bondivet.com/promo/aggressive-dog-video,Is your dog showing aggressive behaviour?,https://marketplacer.imgix.net/Hj/rUN-0pOv0ZjCM9t27FG9BySTQ.jpg?auto=format&fm=pjpg&fit=max&q=90&w=1600&h=1000&s=ecb1d80f2cfd0b40d941107a4bf427ef
promo-dog-allergies-treatments,https://www.bondivet.com/promo/dog-allergies-treatments,"Dog allergies, symptoms, diagnosis and treatment by Dr Kate",https://marketplacer.imgix.net/Hj/rUN-0pOv0ZjCM9t27FG9BySTQ.jpg?auto=format&fm=pjpg&fit=max&q=90&w=1600&h=1000&s=ecb1d80f2cfd0b40d941107a4bf427ef
promo-why-do-cats-rub,https://www.bondivet.com/promo/why-do-cats-rub,Why do cats rub against you?,https://marketplacer.imgix.net/Hj/rUN-0pOv0ZjCM9t27FG9BySTQ.jpg?auto=format&fm=pjpg&fit=max&q=90&w=1600&h=1000&s=ecb1d80f2cfd0b40d941107a4bf427ef
promo-looking-after-older-pets,https://www.bondivet.com/promo/looking-after-older-pets,Top tips on looking after older pets,https://marketplacer.imgix.net/Hj/rUN-0pOv0ZjCM9t27FG9BySTQ.jpg?auto=format&fm=pjpg&fit=max&q=90&w=1600&h=1000&s=ecb1d80f2cfd0b40d941107a4bf427ef
promo-insurance,https://www.bondivet.com/promo/insurance,Bondi Vet Pet Insurance,https://marketplacer.imgix.net/Hj/rUN-0pOv0ZjCM9t27FG9BySTQ.jpg?auto=format&fm=pjpg&fit=max&q=90&w=1600&h=1000&s=ecb1d80f2cfd0b40d941107a4bf427ef
promo-our-sponsors,https://www.bondivet.com/promo/our-sponsors,TV Sponsors,https://marketplacer.imgix.net/Hj/rUN-0pOv0ZjCM9t27FG9BySTQ.jpg?auto=format&fm=pjpg&fit=max&q=90&w=1600&h=1000&s=ecb1d80f2cfd0b40d941107a4bf427ef
promo-pomeranian-breed-profile,https://www.bondivet.com/promo/pomeranian-breed-profile,Pomeranian - Breed Profile,https://marketplacer.imgix.net/Hj/rUN-0pOv0ZjCM9t27FG9BySTQ.jpg?auto=format&fm=pjpg&fit=max&q=90&w=1600&h=1000&s=ecb1d80f2cfd0b40d941107a4bf427ef
promo-shih-tzu-breed-profile,https://www.bondivet.com/promo/shih-tzu-breed-profile,Shih Tzu - Breed Profile,https://marketplacer.imgix.net/Hj/rUN-0pOv0ZjCM9t27FG9BySTQ.jpg?auto=format&fm=pjpg&fit=max&q=90&w=1600&h=1000&s=ecb1d80f2cfd0b40d941107a4bf427ef
promo-maltese-breed-profile,https://www.bondivet.com/promo/maltese-breed-profile,Maltese - Breed Profile,https://marketplacer.imgix.net/Hj/rUN-0pOv0ZjCM9t27FG9BySTQ.jpg?auto=format&fm=pjpg&fit=max&q=90&w=1600&h=1000&s=ecb1d80f2cfd0b40d941107a4bf427ef
promo-pug-breed-profile,https://www.bondivet.com/promo/pug-breed-profile,Pug - Breed Profile,https://marketplacer.imgix.net/Hj/rUN-0pOv0ZjCM9t27FG9BySTQ.jpg?auto=format&fm=pjpg&fit=max&q=90&w=1600&h=1000&s=ecb1d80f2cfd0b40d941107a4bf427ef
promo-pet-product-collections,https://www.bondivet.com/promo/pet-product-collections,Browse Our Pet Product Collections,https://marketplacer.imgix.net/Hj/rUN-0pOv0ZjCM9t27FG9BySTQ.jpg?auto=format&fm=pjpg&fit=max&q=90&w=1600&h=1000&s=ecb1d80f2cfd0b40d941107a4bf427ef
promo-pet-service-providers,https://www.bondivet.com/promo/pet-service-providers,Become a Pet Service Provider on Bondi Vet,https://marketplacer.imgix.net/Hj/rUN-0pOv0ZjCM9t27FG9BySTQ.jpg?auto=format&fm=pjpg&fit=max&q=90&w=1600&h=1000&s=ecb1d80f2cfd0b40d941107a4bf427ef
promo-pet-wellbeing-myths,https://www.bondivet.com/promo/pet-wellbeing-myths,Most Common Myths about Pet Wellbeing Debunked,https://marketplacer.imgix.net/Hj/rUN-0pOv0ZjCM9t27FG9BySTQ.jpg?auto=format&fm=pjpg&fit=max&q=90&w=1600&h=1000&s=ecb1d80f2cfd0b40d941107a4bf427ef
promo-dog-flatulence,https://www.bondivet.com/promo/dog-flatulence,What Causes Dog Flatulence and How to Manage It,https://marketplacer.imgix.net/Hj/rUN-0pOv0ZjCM9t27FG9BySTQ.jpg?auto=format&fm=pjpg&fit=max&q=90&w=1600&h=1000&s=ecb1d80f2cfd0b40d941107a4bf427ef
promo-pet-enrichment-hub,https://www.bondivet.com/promo/pet-enrichment-hub,Pet Enrichment and Play,https://marketplacer.imgix.net/Hj/rUN-0pOv0ZjCM9t27FG9BySTQ.jpg?auto=format&fm=pjpg&fit=max&q=90&w=1600&h=1000&s=ecb1d80f2cfd0b40d941107a4bf427ef
promo-kitten-training,https://www.bondivet.com/promo/kitten-training,Top Tips on Training Your Kitty | How to Train a Kitten,https://marketplacer.imgix.net/Hj/rUN-0pOv0ZjCM9t27FG9BySTQ.jpg?auto=format&fm=pjpg&fit=max&q=90&w=1600&h=1000&s=ecb1d80f2cfd0b40d941107a4bf427ef
promo-indoor-or-outdoor-cat,https://www.bondivet.com/promo/indoor-or-outdoor-cat,Should You Have an Indoor Cat or an Outdoor Cat?,https://marketplacer.imgix.net/Hj/rUN-0pOv0ZjCM9t27FG9BySTQ.jpg?auto=format&fm=pjpg&fit=max&q=90&w=1600&h=1000&s=ecb1d80f2cfd0b40d941107a4bf427ef
promo-how-to-look-after-cats,https://www.bondivet.com/promo/how-to-look-after-cats,Do Cats Really Have Nine Lives? | Top Cat Care Tips,https://marketplacer.imgix.net/Hj/rUN-0pOv0ZjCM9t27FG9BySTQ.jpg?auto=format&fm=pjpg&fit=max&q=90&w=1600&h=1000&s=ecb1d80f2cfd0b40d941107a4bf427ef
promo-choosing-cat-breed,https://www.bondivet.com/promo/choosing-cat-breed,How to Choose the Right Cat Breed,https://marketplacer.imgix.net/Hj/rUN-0pOv0ZjCM9t27FG9BySTQ.jpg?auto=format&fm=pjpg&fit=max&q=90&w=1600&h=1000&s=ecb1d80f2cfd0b40d941107a4bf427ef
promo-cats-land-on-their-feet,https://www.bondivet.com/promo/cats-land-on-their-feet,Why Do Cats Land on Their Feet,https://marketplacer.imgix.net/Hj/rUN-0pOv0ZjCM9t27FG9BySTQ.jpg?auto=format&fm=pjpg&fit=max&q=90&w=1600&h=1000&s=ecb1d80f2cfd0b40d941107a4bf427ef
promo-safe-pet-exercises,https://www.bondivet.com/promo/safe-pet-exercises,What Exercises Are Safe for Your Pets | Tips by Bondi Vets,https://marketplacer.imgix.net/Hj/rUN-0pOv0ZjCM9t27FG9BySTQ.jpg?auto=format&fm=pjpg&fit=max&q=90&w=1600&h=1000&s=ecb1d80f2cfd0b40d941107a4bf427ef
promo-dog-breed-profiles,https://www.bondivet.com/promo/dog-breed-profiles,Dog Breed Profiles | How to Choose the Right Dog Breed for Your Family,https://marketplacer.imgix.net/Hj/rUN-0pOv0ZjCM9t27FG9BySTQ.jpg?auto=format&fm=pjpg&fit=max&q=90&w=1600&h=1000&s=ecb1d80f2cfd0b40d941107a4bf427ef
promo-dog-hair-cuts,https://www.bondivet.com/promo/dog-hair-cuts,Dog Fur Cuts | Dog Grooming Tips by Bondi Vets,https://marketplacer.imgix.net/Hj/rUN-0pOv0ZjCM9t27FG9BySTQ.jpg?auto=format&fm=pjpg&fit=max&q=90&w=1600&h=1000&s=ecb1d80f2cfd0b40d941107a4bf427ef
promo-outdoor-and-travel-with-pets,https://www.bondivet.com/promo/outdoor-and-travel-with-pets,Pet Owners Guide on Outdoor Lifestyle & Travel Tips with Pets,https://marketplacer.imgix.net/Hj/rUN-0pOv0ZjCM9t27FG9BySTQ.jpg?auto=format&fm=pjpg&fit=max&q=90&w=1600&h=1000&s=ecb1d80f2cfd0b40d941107a4bf427ef
promo-avoiding-lawn-stains,https://www.bondivet.com/promo/avoiding-lawn-stains,Tips on Avoiding Lawn Stains,https://marketplacer.imgix.net/Hj/rUN-0pOv0ZjCM9t27FG9BySTQ.jpg?auto=format&fm=pjpg&fit=max&q=90&w=1600&h=1000&s=ecb1d80f2cfd0b40d941107a4bf427ef
promo-pet-etiquette,https://www.bondivet.com/promo/pet-etiquette,Pet Etiquette in Hospitality & Outdoors,https://marketplacer.imgix.net/Hj/rUN-0pOv0ZjCM9t27FG9BySTQ.jpg?auto=format&fm=pjpg&fit=max&q=90&w=1600&h=1000&s=ecb1d80f2cfd0b40d941107a4bf427ef
promo-pub-visit-with-dogs,https://www.bondivet.com/promo/pub-visit-with-dogs,Tips on Bringing Your Pet to a Pub,https://marketplacer.imgix.net/Hj/rUN-0pOv0ZjCM9t27FG9BySTQ.jpg?auto=format&fm=pjpg&fit=max&q=90&w=1600&h=1000&s=ecb1d80f2cfd0b40d941107a4bf427ef
promo-beach-day-with-dogs,https://www.bondivet.com/promo/beach-day-with-dogs,Tips on Doggy Beach Day,https://marketplacer.imgix.net/Hj/rUN-0pOv0ZjCM9t27FG9BySTQ.jpg?auto=format&fm=pjpg&fit=max&q=90&w=1600&h=1000&s=ecb1d80f2cfd0b40d941107a4bf427ef
promo-benefits-of-pets-in-classrooms,https://www.bondivet.com/promo/benefits-of-pets-in-classrooms,Benefits of Bringing Pets to Classrooms,https://marketplacer.imgix.net/Hj/rUN-0pOv0ZjCM9t27FG9BySTQ.jpg?auto=format&fm=pjpg&fit=max&q=90&w=1600&h=1000&s=ecb1d80f2cfd0b40d941107a4bf427ef
promo-bring-pet-to-work,https://www.bondivet.com/promo/bring-pet-to-work,Tips on Bringing Your Pet to Work,https://marketplacer.imgix.net/Hj/rUN-0pOv0ZjCM9t27FG9BySTQ.jpg?auto=format&fm=pjpg&fit=max&q=90&w=1600&h=1000&s=ecb1d80f2cfd0b40d941107a4bf427ef
promo-camping-with-dogs,https://www.bondivet.com/promo/camping-with-dogs,Campsite basics to ensure your pet has as good a time as you,https://marketplacer.imgix.net/Hj/rUN-0pOv0ZjCM9t27FG9BySTQ.jpg?auto=format&fm=pjpg&fit=max&q=90&w=1600&h=1000&s=ecb1d80f2cfd0b40d941107a4bf427ef
promo-dog-coffee-shop-etiquette,https://www.bondivet.com/promo/dog-coffee-shop-etiquette,Is Your Dog Ready to Go to a Cafe,https://marketplacer.imgix.net/Hj/rUN-0pOv0ZjCM9t27FG9BySTQ.jpg?auto=format&fm=pjpg&fit=max&q=90&w=1600&h=1000&s=ecb1d80f2cfd0b40d941107a4bf427ef
promo-trending-pet-fashion,https://www.bondivet.com/promo/trending-pet-fashion,Latest Pet Fashion Trends,https://marketplacer.imgix.net/Hj/rUN-0pOv0ZjCM9t27FG9BySTQ.jpg?auto=format&fm=pjpg&fit=max&q=90&w=1600&h=1000&s=ecb1d80f2cfd0b40d941107a4bf427ef
promo-safe-dog-play,https://www.bondivet.com/promo/safe-dog-play,Safe Pet Play Tips,https://marketplacer.imgix.net/Hj/rUN-0pOv0ZjCM9t27FG9BySTQ.jpg?auto=format&fm=pjpg&fit=max&q=90&w=1600&h=1000&s=ecb1d80f2cfd0b40d941107a4bf427ef
promo-pet-grooming-guide,https://www.bondivet.com/promo/pet-grooming-guide,Complete Pet Grooming Guide,https://marketplacer.imgix.net/Hj/rUN-0pOv0ZjCM9t27FG9BySTQ.jpg?auto=format&fm=pjpg&fit=max&q=90&w=1600&h=1000&s=ecb1d80f2cfd0b40d941107a4bf427ef
promo-dog-scared-of-water-bath,https://www.bondivet.com/promo/dog-scared-of-water-bath,How to Bathe a Dog That's Scared of Water,https://marketplacer.imgix.net/Hj/rUN-0pOv0ZjCM9t27FG9BySTQ.jpg?auto=format&fm=pjpg&fit=max&q=90&w=1600&h=1000&s=ecb1d80f2cfd0b40d941107a4bf427ef
promo-cutting-dog-nails,https://www.bondivet.com/promo/cutting-dog-nails,How to cut your dog's nails,https://marketplacer.imgix.net/Hj/rUN-0pOv0ZjCM9t27FG9BySTQ.jpg?auto=format&fm=pjpg&fit=max&q=90&w=1600&h=1000&s=ecb1d80f2cfd0b40d941107a4bf427ef
promo-dog-bath-tips,https://www.bondivet.com/promo/dog-bath-tips,Top Dog Bath Tips,https://marketplacer.imgix.net/Hj/rUN-0pOv0ZjCM9t27FG9BySTQ.jpg?auto=format&fm=pjpg&fit=max&q=90&w=1600&h=1000&s=ecb1d80f2cfd0b40d941107a4bf427ef
promo-kitty-litter,https://www.bondivet.com/promo/kitty-litter,Kitty Litter Set Up,https://marketplacer.imgix.net/Hj/rUN-0pOv0ZjCM9t27FG9BySTQ.jpg?auto=format&fm=pjpg&fit=max&q=90&w=1600&h=1000&s=ecb1d80f2cfd0b40d941107a4bf427ef
promo-kitten-care-guide,https://www.bondivet.com/promo/kitten-care-guide,How To Care For A Kitten,https://marketplacer.imgix.net/Hj/rUN-0pOv0ZjCM9t27FG9BySTQ.jpg?auto=format&fm=pjpg&fit=max&q=90&w=1600&h=1000&s=ecb1d80f2cfd0b40d941107a4bf427ef
promo-changing-bad-puppy-habits,https://www.bondivet.com/promo/changing-bad-puppy-habits,Changing Bad Puppy Behaviour,https://marketplacer.imgix.net/Hj/rUN-0pOv0ZjCM9t27FG9BySTQ.jpg?auto=format&fm=pjpg&fit=max&q=90&w=1600&h=1000&s=ecb1d80f2cfd0b40d941107a4bf427ef
promo-puppy-teething,https://www.bondivet.com/promo/puppy-teething,Puppy Teething Guide,https://marketplacer.imgix.net/Hj/rUN-0pOv0ZjCM9t27FG9BySTQ.jpg?auto=format&fm=pjpg&fit=max&q=90&w=1600&h=1000&s=ecb1d80f2cfd0b40d941107a4bf427ef
promo-site-map,https://www.bondivet.com/promo/site-map,Site Map,https://marketplacer.imgix.net/Hj/rUN-0pOv0ZjCM9t27FG9BySTQ.jpg?auto=format&fm=pjpg&fit=max&q=90&w=1600&h=1000&s=ecb1d80f2cfd0b40d941107a4bf427ef
promo-entertaining-pet-stories,https://www.bondivet.com/promo/entertaining-pet-stories,Entertaining and Shocking Stories from Bondi Vet,https://marketplacer.imgix.net/Hj/rUN-0pOv0ZjCM9t27FG9BySTQ.jpg?auto=format&fm=pjpg&fit=max&q=90&w=1600&h=1000&s=ecb1d80f2cfd0b40d941107a4bf427ef
promo-dog-dragging-bottom,https://www.bondivet.com/promo/dog-dragging-bottom,Why Dogs Drag Their Bottom On The Ground,https://marketplacer.imgix.net/Hj/rUN-0pOv0ZjCM9t27FG9BySTQ.jpg?auto=format&fm=pjpg&fit=max&q=90&w=1600&h=1000&s=ecb1d80f2cfd0b40d941107a4bf427ef
promo-pet-junk-food,https://www.bondivet.com/promo/pet-junk-food,Pet Junk Food or Household Items Your Pets Should Avoid,https://marketplacer.imgix.net/Hj/rUN-0pOv0ZjCM9t27FG9BySTQ.jpg?auto=format&fm=pjpg&fit=max&q=90&w=1600&h=1000&s=ecb1d80f2cfd0b40d941107a4bf427ef
promo-pet-and-owner-heartbeat-sync,https://www.bondivet.com/promo/pet-and-owner-heartbeat-sync,Are Pets and Owners Heartbeats In Sync?,https://marketplacer.imgix.net/Hj/rUN-0pOv0ZjCM9t27FG9BySTQ.jpg?auto=format&fm=pjpg&fit=max&q=90&w=1600&h=1000&s=ecb1d80f2cfd0b40d941107a4bf427ef
promo-choosing-first-puppy,https://www.bondivet.com/promo/choosing-first-puppy,Tips on Choosing Your First Puppy,https://marketplacer.imgix.net/Hj/rUN-0pOv0ZjCM9t27FG9BySTQ.jpg?auto=format&fm=pjpg&fit=max&q=90&w=1600&h=1000&s=ecb1d80f2cfd0b40d941107a4bf427ef
promo-search,https://www.bondivet.com/promo/search,Search Results,https://marketplacer.imgix.net/Hj/rUN-0pOv0ZjCM9t27FG9BySTQ.jpg?auto=format&fm=pjpg&fit=max&q=90&w=1600&h=1000&s=ecb1d80f2cfd0b40d941107a4bf427ef
promo-tips-on-settling-in-puppy,https://www.bondivet.com/promo/tips-on-settling-in-puppy,Your Very First Puppy - Tips on Getting Settled In,https://marketplacer.imgix.net/Hj/rUN-0pOv0ZjCM9t27FG9BySTQ.jpg?auto=format&fm=pjpg&fit=max&q=90&w=1600&h=1000&s=ecb1d80f2cfd0b40d941107a4bf427ef
promo-first-puppy-tips,https://www.bondivet.com/promo/first-puppy-tips,First Puppy - Home Tips & Training,https://marketplacer.imgix.net/Hj/rUN-0pOv0ZjCM9t27FG9BySTQ.jpg?auto=format&fm=pjpg&fit=max&q=90&w=1600&h=1000&s=ecb1d80f2cfd0b40d941107a4bf427ef
promo-travelling-with-dog-to-the-country,https://www.bondivet.com/promo/travelling-with-dog-to-the-country,Things to Keep in Mind When Taking Your Dog to the Country,https://marketplacer.imgix.net/Hj/rUN-0pOv0ZjCM9t27FG9BySTQ.jpg?auto=format&fm=pjpg&fit=max&q=90&w=1600&h=1000&s=ecb1d80f2cfd0b40d941107a4bf427ef
promo-choose-right-dog-bed,https://www.bondivet.com/promo/choose-right-dog-bed,How to Choose a Dog Bed,https://marketplacer.imgix.net/Hj/rUN-0pOv0ZjCM9t27FG9BySTQ.jpg?auto=format&fm=pjpg&fit=max&q=90&w=1600&h=1000&s=ecb1d80f2cfd0b40d941107a4bf427ef
promo-garden-items-harmful-to-pets,https://www.bondivet.com/promo/garden-items-harmful-to-pets,Garden Items That are Harmful to Pets,https://marketplacer.imgix.net/Hj/rUN-0pOv0ZjCM9t27FG9BySTQ.jpg?auto=format&fm=pjpg&fit=max&q=90&w=1600&h=1000&s=ecb1d80f2cfd0b40d941107a4bf427ef
promo-cat-dental-care-tips,https://www.bondivet.com/promo/cat-dental-care-tips,Top Tips on Cat Dental Care,https://marketplacer.imgix.net/Hj/rUN-0pOv0ZjCM9t27FG9BySTQ.jpg?auto=format&fm=pjpg&fit=max&q=90&w=1600&h=1000&s=ecb1d80f2cfd0b40d941107a4bf427ef
promo-do-dogs-need-jackets,https://www.bondivet.com/promo/do-dogs-need-jackets,Do Dogs Really Need Jackets,https://marketplacer.imgix.net/Hj/rUN-0pOv0ZjCM9t27FG9BySTQ.jpg?auto=format&fm=pjpg&fit=max&q=90&w=1600&h=1000&s=ecb1d80f2cfd0b40d941107a4bf427ef
promo-how-to-choose-dog-toy,https://www.bondivet.com/promo/how-to-choose-dog-toy,How to Choose The Right Dog Toy,https://marketplacer.imgix.net/Hj/rUN-0pOv0ZjCM9t27FG9BySTQ.jpg?auto=format&fm=pjpg&fit=max&q=90&w=1600&h=1000&s=ecb1d80f2cfd0b40d941107a4bf427ef
promo-what-is-microchip,https://www.bondivet.com/promo/what-is-microchip,Why Does Your Dog Need a Microchip,https://marketplacer.imgix.net/Hj/rUN-0pOv0ZjCM9t27FG9BySTQ.jpg?auto=format&fm=pjpg&fit=max&q=90&w=1600&h=1000&s=ecb1d80f2cfd0b40d941107a4bf427ef
promo-train-your-dog-to-lie-down,https://www.bondivet.com/promo/train-your-dog-to-lie-down,Teach Your Dog to Lie Down,https://marketplacer.imgix.net/Hj/rUN-0pOv0ZjCM9t27FG9BySTQ.jpg?auto=format&fm=pjpg&fit=max&q=90&w=1600&h=1000&s=ecb1d80f2cfd0b40d941107a4bf427ef
promo-train-your-dog-to-come-back,https://www.bondivet.com/promo/train-your-dog-to-come-back,Teach Your Dog to Come Back,https://marketplacer.imgix.net/Hj/rUN-0pOv0ZjCM9t27FG9BySTQ.jpg?auto=format&fm=pjpg&fit=max&q=90&w=1600&h=1000&s=ecb1d80f2cfd0b40d941107a4bf427ef
promo-sit-stay-dog-training,https://www.bondivet.com/promo/sit-stay-dog-training,Teach Your Dog to Sit & Stay,https://marketplacer.imgix.net/Hj/rUN-0pOv0ZjCM9t27FG9BySTQ.jpg?auto=format&fm=pjpg&fit=max&q=90&w=1600&h=1000&s=ecb1d80f2cfd0b40d941107a4bf427ef
promo-7-dog-training-myths,https://www.bondivet.com/promo/7-dog-training-myths,7 Top Dog Training Myths,https://marketplacer.imgix.net/Hj/rUN-0pOv0ZjCM9t27FG9BySTQ.jpg?auto=format&fm=pjpg&fit=max&q=90&w=1600&h=1000&s=ecb1d80f2cfd0b40d941107a4bf427ef
promo-teach-dog-meet-people,https://www.bondivet.com/promo/teach-dog-meet-people,How to Teach Dogs to Meet and Greet,https://marketplacer.imgix.net/Hj/rUN-0pOv0ZjCM9t27FG9BySTQ.jpg?auto=format&fm=pjpg&fit=max&q=90&w=1600&h=1000&s=ecb1d80f2cfd0b40d941107a4bf427ef
promo-dog-pulling-lead-tips,https://www.bondivet.com/promo/dog-pulling-lead-tips,Stop Your Dog From Pulling Leads,https://marketplacer.imgix.net/Hj/rUN-0pOv0ZjCM9t27FG9BySTQ.jpg?auto=format&fm=pjpg&fit=max&q=90&w=1600&h=1000&s=ecb1d80f2cfd0b40d941107a4bf427ef
promo-dog-training-tip,https://www.bondivet.com/promo/dog-training-tip,Dog Training Tips from Bondi Vet,https://marketplacer.imgix.net/Hj/rUN-0pOv0ZjCM9t27FG9BySTQ.jpg?auto=format&fm=pjpg&fit=max&q=90&w=1600&h=1000&s=ecb1d80f2cfd0b40d941107a4bf427ef
promo-happy-pet-comp,https://www.bondivet.com/promo/happy-pet-comp,Happiest Pet Competition on Bondi Pet,https://marketplacer.imgix.net/Hj/rUN-0pOv0ZjCM9t27FG9BySTQ.jpg?auto=format&fm=pjpg&fit=max&q=90&w=1600&h=1000&s=ecb1d80f2cfd0b40d941107a4bf427ef
